{
  "cv_qkd_project.config": {
    "BETA": 0.95,
    "DATASET_SIZE_N": 50000,
    "ETA_MAX": 0.95,
    "ETA_MIN": 0.5,
    "MISMATCH_NOISE_SCALE": 0.05,
    "T_MAX": 0.9,
    "T_MIN": 0.1,
    "V_A_GRID": [
      1.01,
      1.0335938334243056,
      1.0577388242502488,
      1.0824478476421113,
      1.1077340795309887,
      1.1336110036407714,
      1.1600924186782569,
      1.1871924456912217,
      1.2149255355983828,
      1.2433064768952575,
      1.2723504035400366,
      1.302072803023672,
      1.332489524628483,
      1.3636167878796877,
      1.395471191194361,
      1.428069720732437,
      1.4614297594544725,
      1.495569096390999,
      1.5305059361284135,
      1.5662589085164575,
      1.6028470786024696,
      1.6402899567976987,
      1.678607509281111,
      1.7178201686462269,
      1.7579488447966738,
      1.799014936096261,
      1.8410403407795217,
      1.8840474686288076,
      1.9280592529241667,
      1.9730991626723684,
      2.019191215121605,
      2.066359988568536,
      2.114630635464512,
      2.1640288958279608,
      2.2145811109700886,
      2.266314237541219,
      2.3192558619052583,
      2.3734342148499485,
      2.4288781866407576,
      2.4856173424264325,
      2.543681938004427,
      2.6031029359546163,
      2.6639120221498973,
      2.7261416226524813,
      2.789824921004886,
      2.8549958759248524,
      2.921689239413615,
      2.98994057528719,
      3.0597862781405545,
      3.1312635927548365,
      3.2044106339578553,
      3.2792664069486235,
      3.3558708280966107,
      3.434264746226905,
      3.5144899644025913,
      3.5965892622159665,
      3.6806064186004903,
      3.766586235175629,
      3.8545745601370305,
      3.9446183127047925,
      4.036765508142834,
      4.131065283362739,
      4.227567923125703,
      4.3263248868565585,
      4.427388836084204,
      4.530813662523017,
      4.63665451681028,
      4.74496783791491,
      4.855811383233179,
      4.969244259387486,
      5.085326953744591,
      5.204121366670116,
      5.3256908445365365,
      5.450100213502224,
      5.577415814079594,
      5.7077055365107645,
      5.841038856969598,
      5.977486874609436,
      6.1171223494762765,
      6.260019741307603,
      6.40625524923758,
      6.555906852429752,
      6.709054351658952,
      6.86577941186455,
      7.026165605697776,
      7.19029845808631,
      7.358265491839902,
      7.530156274321375,
      7.7060624652078396,
      7.886077865367648,
      8.070298466879121,
      8.25882250421771,
      8.451750506638916,
      8.649185351784887,
      8.851232320543259,
      9.057999153187545,
      9.269596106828937,
      9.486136014210238,
      9.707734343873192,
      9.934509261731364,
      10.166581694081376,
      10.40407539208608,
      10.647116997764098,
      10.895836111520868,
      11.150365361257263,
      11.410840473092556,
      11.677400343739558,
      11.95018711457037,
      12.229346247412408,
      12.515026602114988,
      12.807380515927916,
      13.106563884734346,
      13.41273624618132,
      13.72606086475216,
      14.046704818826262,
      14.374839089772578,
      14.710638653124345,
      15.05428257188372,
      15.40595409200595,
      15.765840740114157,
      16.134134423496718,
      16.511031532440608,
      16.896733044955322,
      17.291444633943083,
      17.695376776872646,
      18.108744868015084,
      18.53176933330141,
      18.964675747863357,
      19.40769495631985,
      19.861063195873463,
      20.32502222228242,
      20.799819438775323,
      21.285708027977403,
      21.782947086918497,
      22.291801765194954,
      22.81254340635897,
      23.345449692610813,
      23.89080479287118,
      24.448899514312373,
      25.02003145742948,
      25.604505174733912,
      26.202632333154142,
      26.81473188023015,
      27.441130214190117,
      28.0821613580003,
      28.73816713748063,
      29.40949736358118,
      30.096510018916717,
      30.79957144865857,
      31.519056555885946,
      32.25534900150064,
      33.00884140881178,
      33.77993557289972,
      34.56904267487078,
      35.37658350111693,
      36.202988667697525,
      37.048698849962555,
      37.91416501754004,
      38.79984867481279,
      39.70622210701259,
      40.63376863206343,
      41.582982858307666,
      42.55437094825287,
      43.548450888479785,
      44.56575276585538,
      45.60681905019833,
      46.67220488354767,
      47.762478376188724,
      48.87822090959447,
      50.020027446443365,
      51.18850684787959,
      52.384282198184344,
      53.607991137031625,
      54.860286199505666,
      56.141835164060986,
      57.45332140861117,
      58.79544427493579,
      60.168919441599996,
      61.57447930558572,
      63.012873372837554,
      64.4848686579322,
      65.99125009308416,
      67.53282094670584,
      69.11040325174548,
      70.7248382440309,
      72.37698681085331,
      74.06772995002999,
      75.7979692396908,
      77.56862731903924,
      79.38064838034366,
      81.23499867242208,
      83.13266701588823,
      85.07466533043387,
      87.06202917442874,
      89.09581829712529,
      91.17711720376349,
      93.30703573387635,
      95.48670965310488,
      97.7173012588379,
      100.0
    ],
    "V_A_GRID_SIZE": 200,
    "V_A_MAX": 100.0,
    "V_A_MIN": 1.01,
    "V_EL": 0.01,
    "XI_MAX": 0.05,
    "XI_MIN": 0.001
  },
  "generated_at_utc": "2026-05-02T02:11:12.362038+00:00",
  "paths": {
    "checkpoint": "checkpoints/best_model.pt",
    "figures_dir": "outputs/figures",
    "paper_figures_dir": "figures",
    "processed_dir": "data/processed",
    "raw_data_dir": "data/raw",
    "results_dir": "outputs/results"
  },
  "platform": "macOS-26.4.1-arm64-arm-64bit",
  "python": "3.9.6"
}
